,pictos,eng,fra
bathtub,bathtub.png,Where is the bathtub?,Où est la baignoire ?
biscuit,biscuit.png,Where is the biscuit?,Où est le biscuit ?
bus,bus.png,Where is the bus?,Où est le bus ?
cake,cake.png,Where is the cake?,Où est le gâteau ?
candy,candy.png,Where is the candy?,Où est le bonbon ?
car,car (1).png;car (2).png,Where is the car?,Où est la voiture ?
drink,drink.png,Where is the drink?,Où est la boisson ?
house,house (1).png;house (2).png,Where is the house?,Où est la maison ?
tree,tree (1).png;tree (2).png,Where is the tree?,Où est l'arbre ?
